Name,War,G,GS,GR,GF,CG,SHO,W,L,S,HD,IP,ER,R,Rra,TBF,H,2B,3B,HR,BB,HP,IB,SO,ROE,BK,wild pitch,ERA,RA9,rRA9,rRA9pf,FIP,WHIP,K/9,BB/9,K/BB,HR/9,K%,BB%,K-BB%,BABIP,LOB,xFIP,kwERA,ERA-FIP,ERA-,rRA9-,FIP-,AVG,OBP,SLG,OPS,NP,P/G,P/IP,P/PA,QS,QS%,QS+,QS+%,QH,TL,CW,RS,RS9,start W,start L,W%,start BW,start BL,strat BQ,start BQS,start BQS%,IP/GS,P/GS,AGS,starter waa,starter war,2time,3time,plus 1,SV,HD_1,BLSV,BLHD,BL+,save%,TS,TH,TBS,TBH,SD,MD,IR,IRS,IRS%,BQ,BQS,BQS%,IP/GR,P/GR,gmLI,closer war,BABIP_2,BIP,GB%,ifFB%,ofFB%,FB%,LD%,GB/FB,HR/FB%,if1B%,PFR,PF1,PF2,PF3,PFH,PFslg
켈리,5.84,28,28,0,1,1,1,15,7,0,0,173.1,64,67,67,705,160,29,1,16,40,11,0,134,5,0,4,3.32,3.48,3.48,3.73,4.07,1.15,6.96,2.08,3.35,0.83,19,5.7,13.3,0.287,76.2,3.06,3.8,-0.75,74.41,76.12,91.2,0.247,0.301,0.369,0.67,2621,93.6,15.1,3.72,20,71.4,9,32.1,0,0,0,97,5,18,10,64.3,0,0,0,0,,6.19,93.61,55.64,2.76,5.84,0,0,0,0,0,0,0,0,,0,0,0,0,16,8,0,0,,0,0,,,,,,0.287,501,49.2,3.7,43.5,47.1,3.7,1,6.5,6.3,,,,,,
정찬헌,3.38,19,19,0,1,1,1,7,4,0,0,110.1,43,51,48.05,470,116,22,1,10,31,4,0,85,4,0,5,3.51,4.16,3.92,4,4.13,1.33,6.93,2.53,2.74,0.82,18.1,6.6,11.5,0.314,73,3.15,4.02,-0.62,78.54,81.64,92.5,0.27,0.323,0.396,0.719,1757,92.5,15.9,3.74,12,63.2,2,10.5,3,0,0,80,6.5,11,7,61.1,0,0,9,6,66.7,5.81,92.47,51.53,1.42,3.38,0,0,0,0,0,0,0,0,,0,0,0,0,8,5,0,0,,9,6,66.7,,,,,0.314,338,49.4,3.4,44.9,48.3,2.3,1,5.9,9.5,,,,,,
임찬규,3.16,27,26,1,0,0,0,10,9,0,0,147.2,67,76,73.95,641,143,29,2,14,65,5,0,138,5,0,4,4.08,4.63,4.51,4.83,4.26,1.41,8.41,3.96,2.12,0.85,21.5,10.1,11.4,0.309,71,3.22,4.03,-0.17,91.44,98.61,95.31,0.253,0.333,0.386,0.719,2601,96.3,17.6,4.06,10,38.5,2,7.7,4,0,0,92,5.8,14,11,56,0,0,12,4,33.3,5.46,96.5,50.31,0.31,2.83,0,0,1,0,0,0,0,0,,0,0,0,0,11,12,0,0,,12,4,33.3,5.67,92,0.64,0.33,0.309,417,46.9,3.5,47.3,50.8,2.3,0.9,6.4,4.2,,,,,,
이민호,2.74,20,16,4,0,0,0,4,4,0,0,97.2,40,46,44.8,434,94,19,0,5,44,10,1,67,5,1,4,3.69,4.24,4.13,4.2,4.57,1.41,6.17,4.06,1.52,0.46,15.4,10.1,5.3,0.291,72.3,4.08,4.76,-0.89,82.54,85.75,102.36,0.249,0.343,0.34,0.683,1712,85.6,17.5,3.94,7,43.8,2,12.5,5,0,0,46,4.6,8,7,53.3,0,0,9,2,22.2,5.67,100.5,50.38,1,2.61,1,0,3,0,0,0,1,1,0,0,0,0,1,7,5,2,0,0,9,2,22.2,1.75,26,0.28,0.13,0.291,306,37.1,7.3,52.4,59.7,3.2,0.6,2.7,7.4,,,,,,
윌슨,2.69,25,25,0,0,0,0,10,8,0,0,144.2,71,81,78.95,628,161,23,2,13,39,8,0,109,7,1,3,4.42,5.04,4.91,5.16,4.19,1.38,6.78,2.43,2.79,0.81,17.4,6.2,11.1,0.326,66.8,3.21,4.06,0.23,98.9,105.35,93.78,0.282,0.334,0.398,0.732,2330,93.2,16.1,3.71,14,56,4,16,3,0,0,114,7.1,15,10,60,0,0,10,4,40,5.79,93.2,48.64,0.12,2.69,0,0,0,0,0,0,0,0,,0,0,0,0,8,9,0,0,,10,4,40,,,,,0.326,454,50.8,4.2,41.7,46,3.2,1.1,6,8.1,,,,,,
정우영,2.49,65,0,65,15,0,0,4,4,5,20,75,26,26,29.55,305,48,5,0,3,29,11,3,59,4,0,1,3.12,3.12,3.55,3.84,4.08,1.03,7.08,3.48,2.03,0.36,19.3,9.5,9.8,0.226,73.8,3.64,4.22,-0.96,69.86,78.46,91.25,0.185,0.292,0.238,0.53,1129,17.4,15.1,3.7,0,,0,,0,0,0,50,,0,0,,0,0,22,6,27.3,,,,,,10,1,30,5,20,4,1,5,83.3,1,5,1,0,30,10,55,14,25.5,22,6,27.3,1.15,17.37,1.72,2.49,0.226,199,74.3,1,22.8,23.8,1.9,3.1,6.1,16.7,,,,,,
최동환,1.04,54,0,54,16,0,0,4,1,0,4,57,22,23,27.15,228,54,10,1,6,12,2,0,42,2,0,3,3.47,3.63,4.29,4.71,4.17,1.16,6.63,1.9,3.5,0.95,18.4,5.3,13.2,0.291,75,3.04,3.82,-0.69,77.78,96.24,93.31,0.261,0.3,0.406,0.706,790,14.6,13.9,3.46,0,,0,,0,0,0,51,,0,0,,0,0,8,2,25,,,,,,10,0,14,0,4,2,1,3,57.1,0,1,1,0,10,6,32,11,34.4,8,2,25,1.06,14.63,0.8,1.04,0.291,165,32.6,5.2,57.6,62.8,4.7,0.5,5.6,3.7,,,,,,
진해수,0.99,76,0,76,0,0,0,4,2,0,22,50,24,27,24.05,230,54,6,0,3,23,4,2,59,3,0,5,4.32,4.86,4.33,4.73,3.31,1.54,10.62,4.14,2.57,0.54,25.7,10,15.7,0.367,70.1,2.69,3.52,1.01,96.73,96.6,74.1,0.271,0.355,0.347,0.702,961,12.6,19.2,4.18,0,,0,,0,0,0,44,,0,0,,0,0,52,16,30.8,,,,,,18,6,6,0,22,5,0,5,81.5,0,3,0,0,14,16,48,10,20.8,52,16,30.8,0.66,12.64,1.42,0.99,0.367,139,48.6,3.5,46.5,50,1.4,1,4.2,5.6,,,,,,
최성훈,0.75,48,0,48,6,0,0,0,0,0,2,33.1,13,13,14.35,145,36,4,1,1,16,1,2,24,1,0,1,3.51,3.51,3.87,4.14,3.95,1.56,6.48,4.32,1.5,0.27,16.6,11,5.5,0.347,76.9,3.67,4.74,-0.44,78.59,84.63,88.38,0.286,0.371,0.357,0.728,556,11.6,16.7,3.83,0,,0,,0,0,0,16,,0,0,,0,0,24,8,33.3,,,,,,11,2,9,0,2,0,0,0,100,0,1,0,0,4,6,22,9,40.9,24,8,33.3,0.69,11.58,0.62,0.75,0.347,101,60.6,1.9,37.5,39.4,0,1.5,2.4,5.6,,,,,,
이정용,0.69,34,0,34,3,0,0,3,0,0,4,34,14,15,17.1,147,32,5,0,6,14,2,0,33,1,1,0,3.71,3.97,4.53,4.56,5.13,1.35,8.74,3.71,2.36,1.59,22.4,9.5,12.9,0.286,82.5,3.16,3.85,-1.42,82.98,93.26,114.81,0.248,0.329,0.426,0.755,585,17.2,17.2,3.98,0,,0,,0,0,0,17,,0,0,,0,0,17,1,5.9,,,,,,4,0,9,0,4,1,0,1,80,0,2,1,0,6,5,20,5,25,17,1,5.9,1,17.21,0.96,0.69,0.286,91,27.6,9.2,63.3,72.4,0,0.4,8.5,3.1,,,,,,
송은범,0.58,56,1,55,15,0,0,4,2,2,6,56,28,29,32.05,247,66,8,1,4,19,3,1,28,2,0,2,4.5,4.66,5.15,5.64,4.81,1.52,4.5,3.05,1.47,0.64,11.3,7.7,3.6,0.325,72,4.05,4.96,-0.31,100.76,115.15,107.77,0.3,0.359,0.4,0.759,935,16.7,16.7,3.79,0,0,0,0,0,0,0,36,100,0,1,0,0,0,25,6,24,2.33,53,18,-0.37,-0.33,10,1,13,2,6,0,0,0,100,0,0,0,0,12,9,29,12,41.4,25,6,24,0.98,16.04,1.07,0.91,0.325,191,58.4,3.6,36.5,40.1,1.5,1.5,5.1,3,,,,,,
차우찬,0.56,13,13,0,0,0,0,5,5,0,0,64,38,39,38.15,287,71,14,1,8,28,2,1,51,4,0,1,5.34,5.48,5.36,6.2,4.94,1.55,7.17,3.94,1.82,1.13,17.8,9.8,8,0.321,68.9,3.57,4.44,0.4,119.65,126.74,110.69,0.284,0.354,0.444,0.798,1159,89.2,18.1,4.04,6,46.2,2,15.4,1,0,0,40,5.6,6,7,46.2,0,0,4,2,50,4.92,89.15,46.54,-0.58,0.56,0,0,0,0,0,0,0,0,,0,0,0,0,5,6,0,0,,4,2,50,,,,,0.321,196,41.7,2.9,51.9,54.9,3.4,0.8,7.1,4.2,,,,,,
고우석,0.5,40,0,40,34,0,0,0,4,17,1,41.2,19,22,24.1,183,37,9,0,2,19,2,1,51,3,0,5,4.1,4.75,5.21,5.34,2.99,1.34,11.02,4.1,2.68,0.43,27.9,10.4,17.5,0.327,65.5,2.51,3.3,1.11,91.89,109.09,67.05,0.234,0.32,0.329,0.649,714,17.9,17.1,3.9,0,,0,,0,0,0,9,,0,0,,0,0,6,0,0,,,,,,8,0,12,17,1,4,0,4,81.8,4,0,3,0,14,5,20,4,20,6,0,0,1.04,17.85,1.63,0.5,0.327,107,48.6,2.7,46.8,49.5,1.8,1,3.6,10.8,,,,,,
남호,0.25,6,3,3,3,0,0,0,0,0,0,18.1,8,9,9,82,13,3,1,1,12,1,0,14,1,0,0,3.93,4.42,4.42,5.01,4.93,1.36,6.87,5.89,1.17,0.49,17.1,14.6,2.4,0.222,68,4.41,5.11,-1.01,87.94,102.31,110.46,0.194,0.317,0.313,0.63,341,56.8,18.6,4.16,0,0,0,0,3,0,0,8,6.4,2,1,66.7,0,0,0,0,,3.78,75.67,48.67,-0.14,0.06,0,0,3,0,0,0,0,0,,0,0,0,0,1,2,0,0,,0,0,,2.33,38,0.02,0.19,0.222,54,27.3,5.5,61.8,67.3,5.5,0.4,2.7,7.7,,,,,,
김윤식,0.17,23,11,12,3,0,0,2,4,0,2,67.2,47,50,47.6,308,87,16,1,7,24,6,0,38,3,1,2,6.25,6.65,6.33,6.87,5.2,1.64,5.05,3.19,1.58,0.93,12.3,7.8,4.5,0.349,62.6,4.09,4.85,1.05,139.97,140.38,116.36,0.323,0.385,0.468,0.853,1165,50.7,17.2,3.78,1,9.1,0,0,4,0,0,38,6.5,5,6,45.5,0,0,14,5,35.7,4.79,84.18,40.45,-0.81,0.13,1,0,4,0,2,0,0,0,100,0,0,0,0,2,9,3,0,0,14,5,35.7,1.25,19.92,0.47,0.04,0.349,229,40,3.3,53.3,56.7,3.3,0.7,5.1,6.9,,,,,,
성재헌,0.14,4,0,4,0,0,0,0,0,0,0,4.1,2,2,1.3,20,6,1,0,0,1,1,0,1,0,0,0,4.15,4.15,2.7,3.13,4.85,1.62,2.08,2.08,1,0,5,5,0,0.353,75,4.92,5.4,-0.7,93.01,64.04,108.58,0.333,0.4,0.389,0.789,73,18.3,16.8,3.65,0,,0,,0,0,0,5,,0,0,,0,0,3,1,33.3,,,,,,1,0,1,0,0,0,0,0,,0,0,0,0,1,0,2,0,0,3,1,33.3,1.08,18.25,0.71,0.14,0.353,17,64.7,5.9,23.5,29.4,5.9,2.2,0,16.7,,,,,,
이찬혁,0.02,4,0,4,4,0,0,0,0,0,0,3.1,2,2,2.5,17,4,0,0,1,3,1,0,1,0,0,1,5.4,5.4,6.75,6.65,10.54,2.1,2.7,8.1,0.33,2.7,5.9,17.6,-11.8,0.273,85.7,7.12,6.81,-5.14,120.91,135.86,235.9,0.308,0.471,0.538,1.009,73,18.3,21.9,4.29,0,,0,,0,0,0,0,,0,0,,0,0,0,0,,,,,,,0,0,0,0,0,0,0,0,,0,0,0,0,0,0,1,1,100,0,0,,0.83,18.25,0.02,0.02,0.273,11,33.3,8.3,58.3,66.7,0,0.5,12.5,0,,,,,,
김대현,-0.01,33,0,33,8,0,0,4,0,0,3,32.1,21,24,21.95,158,37,7,2,6,23,1,1,28,2,0,3,5.85,6.68,6.11,6.55,6.24,1.86,7.79,6.4,1.22,1.67,17.7,14.6,3.2,0.316,69.8,4.16,5.02,-0.4,130.89,133.77,139.8,0.285,0.391,0.508,0.899,599,18.2,18.5,3.79,0,,0,,0,0,0,21,,0,0,,0,0,18,9,50,,,,,,2,0,10,0,3,2,0,2,60,0,1,1,0,6,6,21,5,23.8,18,9,50,0.98,18.15,1.01,-0.01,0.316,98,39.6,5.7,52.8,58.5,1.9,0.7,9.7,5.4,,,,,,
이우찬,-0.03,4,1,3,0,0,0,0,0,0,0,4.2,6,6,4.3,30,9,2,0,1,7,2,0,4,0,0,0,11.57,11.57,8.29,9.32,10.38,3.43,7.71,13.5,0.57,1.93,13.3,23.3,-10,0.5,70.6,7.93,6.6,1.19,259.1,190.38,232.44,0.429,0.6,0.667,1.267,133,33.3,28.5,4.43,0,0,0,0,1,0,0,4,9.8,0,1,0,0,0,7,3,42.9,3.67,80,41,-0.01,0.05,0,0,0,0,0,0,0,0,,0,0,0,0,0,0,1,0,0,7,3,42.9,0.33,17.67,0.05,-0.08,0.5,16,52.9,0,41.2,41.2,5.9,1.3,14.3,0,,,,,,
한선태,-0.05,1,0,1,1,0,0,0,0,0,0,1,2,2,2,7,3,0,0,0,2,0,0,0,0,0,1,18,18,18,16.94,10.2,5,0,18,0,0,0,28.6,-28.6,0.6,60,10.32,8.83,7.8,403.05,346.14,228.28,0.6,0.714,0.6,1.314,29,29,29,4.14,0,,0,,0,0,0,0,,0,0,,0,0,0,0,,,,,,,0,0,0,0,0,0,0,0,,0,0,0,0,0,0,0,0,,0,0,,1,29,0.02,-0.05,0.6,5,40,0,40,40,20,1,0,0,,,,,,
정용운,-0.06,3,0,3,2,0,0,0,0,0,0,1.2,3,3,2.5,9,3,1,0,0,1,0,0,3,0,0,0,16.2,16.2,13.5,13.27,1.36,2.4,16.2,5.4,3,0,33.3,11.1,22.2,0.6,25,1.47,2.73,14.84,362.74,271.18,30.34,0.375,0.444,0.5,0.944,36,12,21.6,4,0,,0,,0,0,0,1,,0,0,,0,0,1,1,100,,,,,,1,0,0,0,0,0,0,0,,0,0,0,0,0,0,2,0,0,1,1,100,0.56,12,0.21,-0.06,0.6,5,40,0,60,60,0,0.7,0,0,,,,,,
문광은,-0.09,4,0,4,3,0,0,0,0,0,0,4,5,5,5.35,21,7,3,1,1,2,0,0,4,0,0,0,11.25,11.25,12.04,11.85,6.02,2.25,9,4.5,2,2.25,19,9.5,9.5,0.429,50,3.19,4.26,5.23,251.9,242.13,134.8,0.368,0.429,0.789,1.218,76,19,19,3.62,0,,0,,0,0,0,4,,0,0,,0,0,0,0,,,,,,,0,0,0,0,0,0,0,0,,0,0,0,0,0,0,1,1,100,0,0,,1,19,0.05,-0.09,0.429,14,26.7,0,60,60,13.3,0.4,11.1,14.3,,,,,,
김지용,-0.14,4,0,4,4,0,0,0,0,0,0,3.2,6,6,6,18,5,1,0,1,2,0,0,4,0,0,0,14.73,14.73,14.73,14.22,6.2,1.91,9.82,4.91,2,2.46,22.2,11.1,11.1,0.364,16.7,3.13,4.07,8.52,329.77,290.67,138.92,0.313,0.389,0.563,0.952,71,17.8,19.4,3.94,0,,0,,0,0,0,0,,0,0,,0,0,0,0,,,,,,,1,0,0,0,0,0,0,0,,0,0,0,0,0,0,2,0,0,0,0,,0.92,17.75,0.1,-0.14,0.364,11,16.7,8.3,75,83.3,0,0.2,10,0,,,,,,
백청훈,-0.14,2,0,2,2,0,0,0,0,0,0,1.1,3,3,3.5,8,4,1,0,1,0,0,0,0,0,0,0,20.25,20.25,23.63,27.42,12.92,3,0,0,,6.75,0,0,0,0.429,33.3,4.28,5.4,7.33,453.43,560.37,289.3,0.571,0.5,1.143,1.643,32,16,24,4,0,,0,,0,0,0,0,,0,0,,0,0,0,0,,,,,,,1,0,0,0,0,0,0,0,,0,0,0,0,0,0,1,1,100,0,0,,0.67,16,0.04,-0.14,0.429,7,25,0,75,75,0,0.3,16.7,0,,,,,,
김대유,-0.23,3,0,3,1,0,0,0,0,0,0,2.1,6,6,5.3,14,5,1,0,0,1,1,0,1,0,0,0,23.14,23.14,20.44,23.73,5.58,2.57,3.86,3.86,1,0,7.1,7.1,0,0.455,14.3,5.69,5.4,17.56,518.2,484.89,124.96,0.417,0.5,0.5,1,55,18.3,23.6,3.93,0,,0,,0,0,0,0,,0,0,,0,0,3,3,100,,,,,,1,0,1,0,0,0,0,0,,0,0,0,0,0,0,2,2,100,3,3,100,0.78,18.33,0.18,-0.23,0.455,11,63.6,9.1,27.3,36.4,0,1.8,0,0,,,,,,
이상규,-0.4,28,0,28,12,0,0,2,3,4,1,31,23,23,24.95,152,45,10,1,4,21,1,0,18,1,0,2,6.68,6.68,7.24,7.72,6.28,2.13,5.23,6.1,0.86,1.16,11.8,13.8,-2,0.383,72.1,4.87,5.64,0.4,149.52,157.85,140.6,0.357,0.444,0.548,0.992,574,20.5,18.5,3.78,0,,0,,0,0,0,11,,0,0,,0,0,19,4,21.1,,,,,,2,0,8,4,1,1,0,1,83.3,0,0,0,0,3,6,15,7,46.7,19,4,21.1,1.11,20.5,1.02,-0.4,0.383,107,43.8,4.5,49.1,53.6,2.7,0.8,6.7,6.7,,,,,,
여건욱,-0.51,25,0,25,9,0,0,1,3,1,2,27.2,22,24,26.05,124,36,8,1,8,4,3,0,18,1,0,2,7.16,7.81,8.47,9.1,6.59,1.45,5.86,1.3,4.5,2.6,14.5,3.2,11.3,0.311,59.4,3.3,4.05,0.56,160.25,186.02,147.65,0.321,0.35,0.625,0.975,447,17.9,16.2,3.6,0,,0,,0,0,0,17,,0,0,,0,0,8,6,75,,,,,,3,0,8,1,2,0,1,1,75,0,0,0,1,1,4,18,10,55.6,8,6,75,1.11,17.88,0.57,-0.51,0.311,90,35.4,4,60.6,64.6,0,0.5,12.5,0,,,,,,
류원석,-0.52,4,1,3,1,0,0,0,1,0,0,4.2,6,14,12.45,37,8,3,0,1,11,4,0,5,1,0,0,11.57,27,24.01,21.94,13.83,4.07,9.64,21.21,0.45,1.93,13.5,29.7,-16.2,0.438,40.9,11.42,7.35,-2.26,259.1,448.24,309.69,0.364,0.622,0.636,1.258,171,42.8,36.6,4.62,0,0,0,0,0,0,0,1,4.5,0,1,0,0,0,5,3,60,2,90,0,-0.62,-0.58,0,0,0,0,0,0,0,0,,0,0,0,0,0,1,0,0,,5,3,60,0.89,27,0.07,0.07,0.438,16,41.2,5.9,52.9,58.8,0,0.7,10,0,,,,,,
